ENG	ZNR	Acquisitions Expert		2	0	cube
ENG	ZNR	Akoum Warrior		2	0	cube
ENG	ZNR	Allied Assault		2	0	cube
ENG	ZNR	Attended Healer		2	0	cube
ENG	ZNR	Bala Ged Recovery		2	0	cube
ENG	ZNR	Base Camp		2	0	cube
ENG	ZNR	Beyeen Veil		2	0	cube
ENG	ZNR	Blackbloom Rogue		2	0	cube
ENG	ZNR	Bloodchief's Thirst		2	0	cube
ENG	ZNR	Brushfire Elemental		2	0	cube
ENG	ZNR	Canyon Jerboa		2	0	cube
ENG	ZNR	Cinderclasm		2	0	cube
ENG	ZNR	Cleric of Life's Bond		2	0	cube
ENG	ZNR	Concerted Defense		2	0	cube
ENG	ZNR	Demon's Disciple		2	0	cube
ENG	ZNR	Emeria Captain		2	0	cube
ENG	ZNR	Fearless Fledgling		2	0	cube
ENG	ZNR	Fireblade Charger		2	0	cube
ENG	ZNR	Goma Fada Vanguard		2	0	cube
ENG	ZNR	Grotag Night-Runner		2	0	cube
ENG	ZNR	Iridescent Hornbeetle		2	0	cube
ENG	ZNR	Journey to Oblivion		2	0	cube
ENG	ZNR	Jwari Disruption		2	0	cube
ENG	ZNR	Kabira Takedown		2	0	cube
ENG	ZNR	Kargan Warleader		2	0	cube
ENG	ZNR	Kazuul's Fury		2	0	cube
ENG	ZNR	Khalni Ambush		2	0	cube
ENG	ZNR	Kitesail Cleric		2	0	cube
ENG	ZNR	Kor Blademaster		2	0	cube
ENG	ZNR	Lithoform Blight		2	0	cube
ENG	ZNR	Lullmage's Domination		2	0	cube
ENG	ZNR	Lullmage's Familiar		2	0	cube
ENG	ZNR	Makindi Stampede		2	0	cube
ENG	ZNR	Malakir Rebirth		2	0	cube
ENG	ZNR	Merfolk Falconer		2	0	cube
ENG	ZNR	Merfolk Windrobber		2	0	cube
ENG	ZNR	Mind Carver		2	0	cube
ENG	ZNR	Moss-Pit Skeleton		2	0	cube
ENG	ZNR	Murasa Rootgrazer		2	0	cube
ENG	ZNR	Murasa Sproutling		2	0	cube
ENG	ZNR	Paired Tactician		2	0	cube
ENG	ZNR	Pelakka Predation		2	0	cube
ENG	ZNR	Ravager's Mace		2	0	cube
ENG	ZNR	Relic Amulet		2	0	cube
ENG	ZNR	Relic Axe		2	0	cube
ENG	ZNR	Relic Golem		2	0	cube
ENG	ZNR	Relic Vial		2	0	cube
ENG	ZNR	Rockslide Sorcerer		2	0	cube
ENG	ZNR	Roiling Regrowth		2	0	cube
ENG	ZNR	Roost of Drakes		2	0	cube
ENG	ZNR	Ruin Crab		2	0	cube
ENG	ZNR	Scion of the Swarm		2	0	cube
ENG	ZNR	Sejiri Shelter		2	0	cube
ENG	ZNR	Shadow Stinger		2	0	cube
ENG	ZNR	Shatterskull Minotaur		2	0	cube
ENG	ZNR	Silundi Vision		2	0	cube
ENG	ZNR	Skyclave Cleric		2	0	cube
ENG	ZNR	Skyclave Geopede		2	0	cube
ENG	ZNR	Skyclave Pick-Axe		2	0	cube
ENG	ZNR	Skyclave Plunder		2	0	cube
ENG	ZNR	Skyclave Shadowcat		2	0	cube
ENG	ZNR	Soaring Thought-Thief		2	0	cube
ENG	ZNR	Song-Mad Treachery		2	0	cube
ENG	ZNR	Spikefield Hazard		2	0	cube
ENG	ZNR	Spoils of Adventure		2	0	cube
ENG	ZNR	Springmantle Cleric		2	0	cube
ENG	ZNR	Sure-Footed Infiltrator		2	0	cube
ENG	ZNR	Tangled Florahedron		2	0	cube
ENG	ZNR	Taunting Arbormage		2	0	cube
ENG	ZNR	Thundering Rebuke		2	0	cube
ENG	ZNR	Thundering Sparkmage		2	0	cube
ENG	ZNR	Thwart the Grave		2	0	cube
ENG	ZNR	Umara Mystic		2	0	cube
ENG	ZNR	Umara Wizard		2	0	cube
ENG	ZNR	Vastwood Fortification		2	0	cube
ENG	ZNR	Vastwood Surge		2	0	cube
ENG	ZNR	Veteran Adventurer		2	0	cube
ENG	ZNR	Vine Gecko		2	0	cube
ENG	ZNR	Windrider Wizard		2	0	cube
ENG	ZNR	Zof Consumption		2	0	cube
